key,timestamp
j,1723881177.2882597
s,1723881177.3821983
a,1723881177.5771766
k,1723881177.5999455
d,1723881177.9431956
j,1723881177.967462
i,1723881178.6078348
e,1723881178.7119312
w,1723881178.87666
i,1723881179.3125966
d,1723881179.5647345
d,1723881179.8154173
d,1723881179.844856
d,1723881179.8819633
j,1723881180.184154
k,1723881180.324893
s,1723881180.4857361
a,1723881180.542821
j,1723881181.3749752
d,1723881181.3873866
j,1723881181.720222
e,1723881181.8837824
w,1723881182.1399283
i,1723881183.1693232
s,1723881183.2717218
a,1723881183.4995542
j,1723881183.8278098
e,1723881184.512042
h,1723881184.7385783
r,1723881184.98776
s,1723881185.9782228
j,1723881186.0661414
a,1723881186.1246333
j,1723881186.8542697
d,1723881186.9962168
esc,1723881188.8570883
